n,tGen,thetaNO,thetaBH,tNO,tBH
1,7.8e-06,1.2e-06,4.6e-06,2.19e-05,2.16e-05
1,1.6e-06,7e-07,2e-06,1.69e-05,1.65e-05
1,1e-06,6e-07,1.3e-06,3.04e-05,2.18e-05
1,2.9e-06,9e-07,3e-06,3.18e-05,0.0001541
1,2.8e-06,9e-07,3e-06,5.04e-05,5.46e-05
1,2.7e-06,1e-06,3e-06,4.95e-05,4.66e-05
1,2.8e-06,1e-06,3e-06,4.15e-05,3.46e-05
1,2e-06,7e-07,2.4e-06,4.63e-05,4.41e-05
1,1.4e-06,6e-07,1.7e-06,3.68e-05,3.88e-05
1,2.5e-06,9e-07,2.9e-06,4.53e-05,3.56e-05
1,1e-06,5e-07,1.4e-06,3.59e-05,3.93e-05
1,2.2e-06,8e-07,2.3e-06,3.47e-05,3.48e-05
1,1.9e-06,8e-07,2.6e-06,3.27e-05,2.92e-05
1,1.4e-06,6e-07,2e-06,3.26e-05,4.05e-05
1,1.7e-06,7e-07,2.3e-06,3.99e-05,3.13e-05
1,8e-07,5e-07,1.3e-06,3.35e-05,4.27e-05
1,2e-06,8e-07,2.5e-06,3.87e-05,4.26e-05
1,1.5e-06,6e-07,1.9e-06,3.89e-05,2.99e-05
1,1.1e-06,6e-07,1.6e-06,3.31e-05,3.27e-05
1,1.7e-06,8e-07,2.2e-06,4.57e-05,4.44e-05
2,4.8e-06,1.2e-06,8.6e-06,8.68e-05,8.61e-05
2,3.8e-06,1e-06,5.1e-06,7.31e-05,6.31e-05
2,3.1e-06,4.7e-06,5.7e-06,0.0003825,4.05e-05
2,3.1e-06,1.1e-06,5.1e-06,0.0004747,4.78e-05
2,2.9e-06,1e-06,4.8e-06,5.27e-05,4.47e-05
2,2.5e-06,1e-06,4.9e-06,0.000277,4.51e-05
2,2.2e-06,9e-07,3.9e-06,3.67e-05,4.23e-05
2,1.7e-06,8e-07,3.5e-06,0.0005246,0.000111
2,3e-06,1e-06,5e-06,9.05e-05,9.63e-05
2,2.5e-06,9e-07,4.3e-06,5e-05,3.2e-05
2,2.6e-06,9e-07,4.9e-06,0.0006092,3.25e-05
2,2.6e-06,1e-06,4.9e-06,4.37e-05,3.47e-05
2,1.2e-06,7e-07,2.8e-06,0.000847,0.0001649
2,3.1e-06,1.1e-06,4.8e-06,0.0006494,5.28e-05
2,3.2e-06,1.1e-06,1.79e-05,0.0003208,3.31e-05
2,2.6e-06,1.1e-06,4.7e-06,0.0003965,6.61e-05
2,2.7e-06,1e-06,4.9e-06,0.000287,5.58e-05
2,1.56e-05,2.2e-06,5.6e-06,4.18e-05,3.44e-05
2,2.7e-06,1e-06,4.9e-06,4.58e-05,5.35e-05
2,2.4e-06,9e-07,4.2e-06,0.0004257,3.84e-05
3,4.7e-06,1.3e-06,1.14e-05,0.0008535,4.87e-05
3,5.28e-05,1.5e-06,2.34e-05,0.0006207,4.5e-05
3,2.8e-06,1.1e-06,1.01e-05,0.0007632,4.91e-05
3,2.7e-06,1.1e-06,1e-05,0.0005554,3.51e-05
3,2.8e-06,1.2e-06,1.02e-05,0.0007641,3.66e-05
3,2.7e-06,1.1e-06,9.9e-06,4.55e-05,0.0002742
3,2.6e-06,1.1e-06,9e-06,0.0010625,2.96e-05
3,2.8e-06,1.2e-06,9.4e-06,0.0016163,4.59e-05
3,2.8e-06,1.1e-06,9.5e-06,0.0007088,2.91e-05
3,2.8e-06,1.1e-06,9e-06,0.0004738,0.0002217
3,2.8e-06,1.1e-06,1.01e-05,0.0006853,4.75e-05
3,2.8e-06,1.1e-06,9.9e-06,0.0007274,3.47e-05
3,2.6e-06,1.1e-06,9.3e-06,0.0013382,6.72e-05
3,3.2e-06,1.1e-06,1.03e-05,0.0010431,3.58e-05
3,2.9e-06,1.2e-06,1.79e-05,0.0003253,7.53e-05
3,3.1e-06,0.0001749,1.11e-05,0.0003178,3.41e-05
3,2.7e-06,1.1e-06,9.7e-06,0.0002911,4.42e-05
3,2.8e-06,1.1e-06,1e-05,0.0005901,4.14e-05
3,3.2e-06,1.1e-06,1e-05,0.0003086,3.81e-05
3,3.2e-06,1.1e-06,9.8e-06,0.0003023,3.73e-05
4,5.7e-06,1.6e-06,1.41e-05,0.0012615,0.0004497
4,4.5e-06,1.4e-06,1.39e-05,0.0013349,0.0002525
4,3.4e-06,1.3e-06,1.23e-05,0.0017236,0.0006071
4,3.4e-06,1.3e-06,1.38e-05,0.0011876,0.0002561
4,3.9e-06,1.4e-06,1.42e-05,0.0012377,0.0002897
4,4.5e-06,1.3e-06,1.43e-05,0.0022075,0.0004177
4,4e-06,1.4e-06,1.45e-05,0.0015912,0.0002796
4,3.9e-06,1.5e-06,1.45e-05,0.0013487,0.0005441
4,3.9e-06,1.5e-06,1.43e-05,0.0016171,0.0006461
4,4e-06,1.3e-06,1.39e-05,0.0012149,0.0001916
4,9e-06,1.5e-06,3.68e-05,0.0018262,0.000558
4,3.8e-06,1.4e-06,1.36e-05,0.0013152,4.9e-05
4,3.9e-06,1.4e-06,1.37e-05,0.0016281,0.0010131
4,3.9e-06,1.4e-06,1.42e-05,0.001054,3.73e-05
4,3.3e-06,1.2e-06,1.34e-05,0.0014725,0.0010667
4,4e-06,1.4e-06,1.37e-05,0.0008093,0.0011101
4,3.9e-06,1.4e-06,1.39e-05,0.0012152,0.000266
4,3.6e-06,1.4e-06,1.38e-05,0.0005766,4.36e-05
4,3.9e-06,1.4e-06,1.32e-05,0.0015194,0.0004367
4,3.9e-06,1.4e-06,1.42e-05,0.0013635,0.0002769
5,5.9e-06,2.1e-06,2.18e-05,0.0026381,0.0005179
5,5.1e-06,1.9e-06,2.16e-05,0.0016518,0.000265
5,3.8e-06,1.9e-06,2.16e-05,0.0021294,0.0001132
5,5.7e-06,4.64e-05,2.3e-05,0.0020714,0.0004835
5,4.1e-06,2e-06,2.13e-05,0.0018887,0.0003902
5,3.7e-06,1.9e-06,2.07e-05,0.0021606,0.0005168
5,4.3e-06,1.9e-06,2.18e-05,0.0018504,0.0010583
5,3.8e-06,1.9e-06,2.12e-05,0.0021562,0.000501
5,4.2e-06,1.9e-06,2.19e-05,0.0029355,0.0004752
5,3.7e-06,1.8e-06,2.11e-05,0.0021975,0.0005566
5,4.3e-06,2e-06,2.18e-05,0.0010339,0.0005495
5,3.8e-06,1.9e-06,2.12e-05,0.0015759,0.0007264
5,4.2e-06,1.9e-06,2.17e-05,0.0021518,4.93e-05
5,4.4e-06,2e-06,2.14e-05,0.001256,5.43e-05
5,3.8e-06,2e-06,2.13e-05,0.0016203,0.0006037
5,3.7e-06,1.8e-06,2.03e-05,0.0012392,0.0002816
5,4.3e-06,2e-06,2.2e-05,0.0017218,4.63e-05
5,4.1e-06,2e-06,2.06e-05,0.0022052,0.0003395
5,3.8e-06,1.9e-06,2.1e-05,0.0007413,0.0012928
5,4.1e-06,2e-06,2.06e-05,0.0023083,0.0003124
6,5.1e-06,2.3e-06,3.14e-05,0.0024204,0.0010021
6,5e-06,2e-06,4.06e-05,0.0019104,0.0005694
6,4.4e-06,2e-06,3.26e-05,0.0014177,0.0008737
6,4e-06,2e-06,2.94e-05,0.002787,0.0008227
6,4.5e-06,2e-06,3.17e-05,0.0025575,0.000719
6,4e-06,2.1e-06,3.02e-05,0.0031578,0.0011893
6,4.5e-06,2.1e-06,3.23e-05,0.0029923,0.0010999
6,4.6e-06,2.1e-06,3.28e-05,0.0025423,0.0003475
6,4.5e-06,2.1e-06,3.27e-05,0.0028209,0.0007209
6,4.5e-06,2.2e-06,3.3e-05,0.0031266,0.0011892
6,4.5e-06,2.1e-06,3.28e-05,0.0017873,0.0006513
6,4.6e-06,2.1e-06,3.29e-05,0.0029507,0.0010286
6,4.1e-06,2.1e-06,3.18e-05,0.0018956,0.0002836
6,4.5e-06,2.1e-06,3.22e-05,0.0025419,0.0002532
6,3.9e-06,2e-06,2.94e-05,0.0024631,0.0008683
6,3.9e-06,2e-06,3.09e-05,0.0021468,0.0011998
6,4.5e-06,2.1e-06,3.31e-05,0.0019706,0.000917
6,4e-06,2e-06,3.24e-05,0.0026375,0.0002537
6,3.9e-06,2e-06,3.23e-05,0.0022933,3.8e-05
6,4.2e-06,2e-06,3.18e-05,0.0029873,0.001438
7,5.4e-06,2.1e-06,4.5e-05,0.0027443,0.0018934
7,5e-06,2.1e-06,4.18e-05,0.0037204,0.0006683
7,4.5e-06,2e-06,4.42e-05,0.00294,0.0013887
7,4.6e-06,2.1e-06,4.81e-05,0.0046428,0.0012543
7,4.5e-06,2.1e-06,5.1e-05,0.0033772,0.0005357
7,4.4e-06,2.1e-06,4.98e-05,0.0030452,0.0005852
7,4.5e-06,2.1e-06,4.49e-05,0.0029174,0.0018696
7,4.3e-06,2.1e-06,4.51e-05,0.0051009,0.0014892
7,4.1e-06,2e-06,4.6e-05,0.0034716,0.000863
7,4e-06,2.1e-06,4.74e-05,0.0033088,0.0015377
7,4.4e-06,2.1e-06,5.18e-05,0.003532,0.0007306
7,4.4e-06,2.1e-06,4.49e-05,0.0046178,0.0012283
7,4.5e-06,2.2e-06,6.27e-05,0.0040468,0.0008602
7,4.7e-06,2e-06,4.67e-05,0.004626,0.0007729
7,4.5e-06,2.1e-06,4.49e-05,0.003095,0.0010549
7,4.1e-06,2.1e-06,4.48e-05,0.0024622,0.0006371
7,4.5e-06,2.1e-06,5.92e-05,0.0040992,0.0011148
7,4.4e-06,2.2e-06,5.94e-05,0.0017226,0.0010886
7,4.1e-06,2.1e-06,4.55e-05,0.0044767,0.0011741
7,4.4e-06,2.1e-06,4.52e-05,0.003595,0.0005891
8,6.2e-06,1.9e-06,6.17e-05,0.0052694,0.0031506
8,6e-06,1.9e-06,8.49e-05,0.0044406,0.0013662
8,4.6e-06,1.8e-06,7.78e-05,0.0062902,0.0025806
8,5e-06,1.8e-06,6.46e-05,0.0038621,0.0017249
8,5.1e-06,1.9e-06,6.38e-05,0.003667,0.0010452
8,4.6e-06,1.8e-06,6.51e-05,0.0048214,0.001206
8,4.7e-06,1.8e-06,6.53e-05,0.002539,0.0017578
8,5.1e-06,2e-06,6.25e-05,0.0047827,0.0015773
8,4.8e-06,1.7e-06,6.46e-05,0.0041838,0.0023806
8,4.8e-06,1.9e-06,6.34e-05,0.0037859,0.0014423
8,5.2e-06,1.9e-06,6.66e-05,0.0051383,0.0008423
8,5.1e-06,1.9e-06,6.37e-05,0.0050068,0.0014008
8,4.6e-06,1.8e-06,6.46e-05,0.0028355,0.0012508
8,4.7e-06,1.8e-06,6.31e-05,0.0033824,0.0012916
8,5.1e-06,1.9e-06,6.71e-05,0.0034247,0.0014839
8,5.1e-06,1.9e-06,6.3e-05,0.0045261,0.0012707
8,4.5e-06,1.8e-06,6.31e-05,0.0041311,0.0007332
8,5.2e-06,1.9e-06,6.09e-05,0.0040277,0.0010394
8,5.2e-06,1.9e-06,0.0003946,0.0052453,0.0018725
8,4.7e-06,1.7e-06,8.69e-05,0.004478,0.0017029
9,5.9e-06,1.9e-06,8.07e-05,0.0058325,0.0032546
9,6e-06,2e-06,8.63e-05,0.0056316,0.0017781
9,5.6e-06,2e-06,9.73e-05,0.0057041,0.0006132
9,5.5e-06,2e-06,8.8e-05,0.0055029,0.0015737
9,5.1e-06,2e-06,8.46e-05,0.0047615,0.0016383
9,5.1e-06,2e-06,8.15e-05,0.0048771,0.0003515
9,5.2e-06,1.9e-06,8.46e-05,0.0065145,0.0009825
9,4.7e-06,1.9e-06,8.53e-05,0.0060039,0.0019985
9,5.3e-06,1.9e-06,8.08e-05,0.007048,0.0018734
9,6.6e-06,2.4e-06,0.0001006,0.0064752,0.0005697
9,5e-06,1.9e-06,8.9e-05,0.0048287,0.0010279
9,6e-06,2.2e-06,0.0001005,0.004357,0.0031321
9,6.5e-06,2.3e-06,0.0001018,0.0058498,0.0016646
9,5.7e-06,2.2e-06,9.62e-05,0.0049653,0.0016618
9,5.8e-06,2.3e-06,0.0001015,0.0052005,0.0003514
9,5.2e-06,1.9e-06,8.05e-05,0.0054943,0.0271045
9,5.3e-06,2e-06,8.07e-05,0.0133765,0.0022977
9,5.2e-06,1.9e-06,8.08e-05,0.0067805,0.0012011
9,6e-06,2.2e-06,0.0001019,0.0051382,0.0014403
9,6.4e-06,2.3e-06,9.49e-05,0.0071,0.0010845
11,1.87e-05,0.0001602,0.0001381,0.0061255,0.0027634
11,7e-06,3.1e-06,0.0001441,0.0090253,0.0024388
11,7.7e-06,3.3e-06,0.0001799,0.0074266,0.0030028
11,7.5e-06,3.4e-06,0.0001637,0.0065009,0.0021914
11,7.6e-06,3.3e-06,0.0001588,0.0071389,0.0008735
11,5.6e-06,2.6e-06,0.0001289,0.008008,0.0009828
11,6.1e-06,2.7e-06,0.0001376,0.0092492,0.0027586
11,5.4e-06,2.5e-06,0.000124,0.0065213,0.0007775
11,7e-06,3.2e-06,0.0001517,0.0071858,0.0027822
11,5.4e-06,2.5e-06,0.0001238,0.0074262,0.0028482
11,7.5e-06,3.3e-06,0.0001691,0.0112312,0.0029267
11,6.8e-06,3.1e-06,0.0003037,0.0087937,0.0030034
11,7.5e-06,3.3e-06,0.0002091,0.0085594,0.0013013
11,7.6e-06,3.2e-06,0.0001566,0.0077365,0.0015812
11,7.1e-06,3.3e-06,0.0001682,0.0081477,0.0037413
11,6.1e-06,2.7e-06,0.0001353,0.0076203,0.0009709
11,7.6e-06,3.3e-06,0.0001719,0.0079573,0.0023966
11,6.7e-06,3.2e-06,0.0001665,0.0093121,0.0025292
11,7.5e-06,3.3e-06,0.0001825,0.0076806,0.0027526
11,6.1e-06,2.6e-06,0.0001307,0.008155,0.0027858
12,8.2e-06,2.9e-06,0.0001613,0.0139939,0.0029878
12,8.8e-06,3.4e-06,0.0002025,0.0096529,0.0028693
12,7.6e-06,3.3e-06,0.0002146,0.0111609,0.002128
12,6.5e-06,2.7e-06,0.0001572,0.0083969,0.0021274
12,8.1e-06,3.4e-06,0.0002079,0.008615,0.004567
12,8.1e-06,3.2e-06,0.0002086,0.0092727,0.0013759
12,7.7e-06,3.4e-06,0.0002043,0.008862,0.0024878
12,7.2e-06,3.3e-06,0.0001927,0.0085834,0.0031504
12,6.1e-06,2.6e-06,0.0001737,0.0095646,0.0008215
12,6.1e-06,2.6e-06,0.000151,0.0110247,0.0013011
12,8.1e-06,3.4e-06,0.0002109,0.0098155,0.0036445
12,7.3e-06,3.2e-06,0.0002033,0.0049048,0.0022454
12,8.3e-06,3.2e-06,0.000214,0.0083337,0.0027388
12,8e-06,3.3e-06,0.0002063,0.0107023,0.002291
12,6.6e-06,2.6e-06,0.0001832,0.0100386,0.0021855
12,1.4e-05,3.9e-06,0.0002113,0.011095,0.0023024
12,7.5e-06,3.1e-06,0.0002094,0.0078669,0.0027832
12,6e-06,2.6e-06,0.0001693,0.0108197,0.0033066
12,8.1e-06,3.3e-06,0.0001974,0.0098002,0.002507
12,6.6e-06,2.7e-06,0.0001941,0.0078025,0.002359
13,1.08e-05,3.6e-06,0.0002393,0.0114048,0.0030085
13,1.01e-05,3.5e-06,0.0002387,0.0117044,0.004307
13,7e-06,2.9e-06,0.0002005,0.0123658,0.0030192
13,8.7e-06,3.4e-06,0.0002628,0.0096174,0.0029033
13,8.6e-06,2.9e-06,0.0001916,0.0093245,0.0021907
13,8.1e-06,3.3e-06,0.0002242,0.0096937,0.0021479
13,8e-06,3.3e-06,0.0002669,0.0095608,0.0020955
13,8.7e-06,3.3e-06,0.0002547,0.0121981,0.0035766
13,7e-06,2.8e-06,0.0002061,0.0123103,0.0018279
13,8.2e-06,3.3e-06,0.0002204,0.0095091,0.0021263
13,7e-06,2.8e-06,0.0002016,0.0072949,0.0028744
13,6.6e-06,2.7e-06,0.0002046,0.0106571,0.0035454
13,6.6e-06,2.6e-06,0.0002064,0.0086222,0.0032975
13,8.8e-06,3.3e-06,0.0002768,0.0086489,0.0022227
13,7e-06,2.8e-06,0.0001941,0.0106046,0.0022509
13,8.7e-06,3.3e-06,0.0002583,0.0096109,0.0025984
13,8.3e-06,3.3e-06,0.0002441,0.0089865,0.0018475
13,8.5e-06,3.4e-06,0.0002583,0.0134605,0.0018057
13,8.2e-06,3.3e-06,0.0002569,0.0092289,0.0007448
13,8e-06,3.3e-06,0.0002588,0.009795,0.0026425
14,9.5e-06,9.5e-06,0.000225,0.0094284,0.0041237
14,9.4e-06,3.6e-06,0.0003015,0.0122685,0.0029437
14,7.6e-06,2.9e-06,0.0002515,0.0098332,0.0024186
14,8.8e-06,3.5e-06,0.0003233,0.0145814,0.0028595
14,9.4e-06,3.5e-06,0.0002924,0.0110127,0.003346
14,7.5e-06,2.9e-06,0.0002489,0.0113765,0.0031979
14,6.9e-06,2.8e-06,0.0002469,0.0114436,0.0029129
14,9.4e-06,3.6e-06,0.0003066,0.0089548,0.0032633
14,7.2e-06,2.9e-06,0.0002436,0.0104772,0.0036471
14,7.1e-06,2.7e-06,0.0002403,0.0125485,0.0023412
14,9.3e-06,3.7e-06,0.0003151,0.0093374,0.002979
14,7.2e-06,2.9e-06,0.000251,0.0101753,0.003073
14,9.2e-06,3.6e-06,0.0003501,0.0114712,0.0041785
14,7.6e-06,2.9e-06,0.000248,0.0110133,0.0046796
14,9e-06,3.5e-06,0.0002967,0.0114453,0.004067
14,9.4e-06,3.6e-06,0.000315,0.0115344,0.0034852
14,8.8e-06,3.6e-06,0.0003011,0.0122857,0.0026499
14,9.3e-06,3.6e-06,0.0003031,0.0119948,0.0033001
14,7.4e-06,2.9e-06,0.0002477,0.0115092,0.0034324
14,9.5e-06,3.5e-06,0.0003097,0.0103755,0.0021427
15,1.15e-05,3.7e-06,0.0003661,0.0125018,0.0019972
15,9.1e-06,3e-06,0.0002731,0.0163578,0.0027882
15,7.6e-06,2.9e-06,0.0002922,0.0122409,0.0290338
15,8e-06,3.1e-06,0.0002933,0.0229151,0.0037117
15,8.2e-06,3e-06,0.0004178,0.0134437,0.0041628
15,1e-05,3.8e-06,0.0005495,0.0125421,0.0024759
15,1.12e-05,3.7e-06,0.0004651,0.0107092,0.0034222
15,9.7e-06,3.8e-06,0.0003188,0.0171276,0.0019282
15,9.8e-06,3.7e-06,0.0003096,0.0145865,0.0037279
15,1.01e-05,3.8e-06,0.00035,0.011268,0.0041924
15,1.01e-05,3.6e-06,0.0003776,0.0155313,0.0043089
15,7.8e-06,3e-06,0.0003831,0.0140198,0.0014827
15,1.91e-05,4.5e-06,0.0002714,0.012087,0.0025346
15,8.2e-06,2.9e-06,0.0002786,0.0163111,0.0020423
15,9.5e-06,3.6e-06,0.0003663,0.0170371,0.0031663
15,1.02e-05,3.8e-06,0.0004275,0.0114738,0.0034633
15,8.3e-06,2.9e-06,0.000377,0.0135851,0.0046351
15,8.2e-06,3.3e-06,0.0002986,0.0126907,0.003117
15,9.8e-06,3.7e-06,0.0003683,0.0132116,0.002342
15,1.02e-05,3.8e-06,0.0003497,0.0132196,0.0050227
16,1.87e-05,2.7e-06,0.0004411,0.0185233,0.0048293
16,9.4e-06,3.2e-06,0.0004331,0.013936,0.0043522
16,1.09e-05,3.8e-06,0.0004888,0.0115185,0.0042398
16,1.08e-05,3.8e-06,0.0004279,0.0141669,0.005279
16,1.1e-05,3.7e-06,0.0004283,0.0160461,0.0049165
16,1.1e-05,3.8e-06,0.0004412,0.0134233,0.0036866
16,8.8e-06,3e-06,0.0003481,0.0144654,0.0047344
16,1.03e-05,3.6e-06,0.0004014,0.0164714,0.0049261
16,1.09e-05,3.8e-06,0.0004741,0.0157846,0.0025342
16,1.04e-05,3.7e-06,0.0004461,0.0146749,0.0047919
16,8.1e-06,2.9e-06,0.0003476,0.0130709,0.0043228
16,8.9e-06,3.1e-06,0.0008013,0.0173441,0.0056991
16,8.8e-06,3.1e-06,0.0003502,0.0141319,0.0054103
16,1.08e-05,4e-06,0.0003995,0.0134847,0.0024662
16,8.9e-06,0.0001564,0.0003402,0.0117913,0.0043797
16,8e-06,2.9e-06,0.000377,0.0117269,0.0058483
16,1.08e-05,3.8e-06,0.0004711,0.0122646,0.0044557
16,1.09e-05,3.9e-06,0.000458,0.0160493,0.0036985
16,1.09e-05,3.8e-06,0.0004475,0.01291,0.0054349
16,8.4e-06,3.1e-06,0.0003571,0.0153977,0.0021529
17,1.32e-05,4.1e-06,0.0005271,0.0164722,0.0060158
17,1.29e-05,4.1e-06,0.000471,0.0160485,0.00461
17,9.3e-06,3.3e-06,0.0004779,0.0166442,0.0048113
17,1.18e-05,3.9e-06,0.0005118,0.0164942,0.0034777
17,9.4e-06,3.2e-06,0.0004022,0.0166084,0.0039705
17,8.8e-06,3.1e-06,0.0004257,0.0137889,0.0049386
17,1.1e-05,3.7e-06,0.000504,0.0159444,0.0035471
17,9e-06,3.1e-06,0.0005439,0.0162896,0.0055193
17,9.3e-06,3.2e-06,0.0005902,0.01887,0.0028357
17,1.17e-05,3.9e-06,0.0005181,0.0156287,0.0036558
17,1.12e-05,3.8e-06,0.0005297,0.0135786,0.0027458
17,9.4e-06,3.1e-06,0.0004101,0.0140881,0.0059813
17,1.17e-05,3.9e-06,0.0004976,0.0183417,0.0049006
17,9.5e-06,3.2e-06,0.0003802,0.021337,0.0045228
17,1.11e-05,3.9e-06,0.0005164,0.0145192,0.0060885
17,1.11e-05,3.9e-06,0.0005313,0.0142728,0.0040541
17,9e-06,3.1e-06,0.0004181,0.0130635,0.0051558
17,9.4e-06,3.2e-06,0.0003892,0.0149999,0.0019629
17,9.5e-06,3.2e-06,0.0005606,0.0162815,0.003156
17,1.13e-05,3.9e-06,0.0005517,0.0163058,0.0041162
18,1.43e-05,4.4e-06,0.000587,0.0166984,0.0047176
18,1.04e-05,3.3e-06,0.0004995,0.0191722,0.0062302
18,9.5e-06,3.2e-06,0.0005376,0.0185083,0.0028446
18,1.19e-05,4e-06,0.0005809,0.0496174,0.0024645
18,1.2e-05,4.1e-06,0.0006166,0.0170577,0.006418
18,1e-05,3.3e-06,0.0004806,0.0189351,0.0056259
18,9.6e-06,3.3e-06,0.0004484,0.0172027,0.0050909
18,9.7e-06,3.2e-06,0.0004786,0.0203206,0.0050993
18,9.7e-06,3.2e-06,0.0007265,0.0167276,0.0060568
18,2.06e-05,3.8e-06,0.0005861,0.0167742,0.0034056
18,1.24e-05,4.1e-06,0.0006147,0.0220477,0.005188
18,1e-05,3.3e-06,0.0004913,0.0191295,0.0056567
18,1.24e-05,4e-06,0.0006583,0.0151966,0.0038532
18,1.25e-05,4.2e-06,0.0006983,0.017488,0.0057743
18,1.24e-05,4.1e-06,0.0006041,0.017305,0.0041361
18,1.19e-05,3.3e-06,0.0006133,0.0150882,0.0042241
18,1.21e-05,4e-06,0.0006125,0.0134212,0.0047776
18,1e-05,3.3e-06,0.000795,0.0180683,0.0040047
18,1.25e-05,4e-06,0.0005901,0.0209164,0.0047998
18,9.6e-06,3.2e-06,0.000599,0.0174075,0.0038076
19,2.24e-05,1.44e-05,0.0006746,0.0241847,0.0068331
19,1.41e-05,4.2e-06,0.0007067,0.0190639,0.005596
19,1.08e-05,3.2e-06,0.0005595,0.021204,0.003899
19,1.28e-05,4.1e-06,0.0007132,0.0172332,0.0055339
19,0.0001041,1.66e-05,0.0007792,0.0207846,0.0066889
19,1.09e-05,3.5e-06,0.0005637,0.0211469,0.0041953
19,1.31e-05,4.2e-06,0.0006909,0.0216691,0.0054235
19,1.04e-05,3.3e-06,0.0005519,0.0150465,0.0048325
19,1.36e-05,4e-06,0.0006998,0.0199656,0.0056715
19,1.3e-05,4e-06,0.0006486,0.019346,0.003677
19,1.6e-05,4.9e-06,0.0007654,0.0191409,0.0042198
19,1.04e-05,3.3e-06,0.0005717,0.0218332,0.0045387
19,1.04e-05,3.3e-06,0.0005138,0.0168992,0.0062503
19,1.63e-05,5.1e-06,0.0007086,0.019384,0.0057778
19,1.07e-05,3.5e-06,0.0005418,0.0201291,0.0049097
19,1.04e-05,3.3e-06,0.0005719,0.015604,0.0046
19,1.08e-05,3.4e-06,0.0005495,0.020861,0.0032669
19,1.29e-05,4.2e-06,0.0007192,0.0213963,0.0071304
19,1.04e-05,3.3e-06,0.0005541,0.0202135,0.0068587
19,1.08e-05,3.5e-06,0.000841,0.022562,0.0058546
22,1.45e-05,3.1e-06,0.000828,0.0259206,0.003609
22,1.68e-05,4.5e-06,0.0010732,0.027054,0.0042549
22,1.28e-05,3.6e-06,0.0008232,0.026077,0.0085394
22,1.31e-05,3.6e-06,0.0008259,0.0206992,0.0067107
22,1.31e-05,3.7e-06,0.0008046,0.0263006,0.0078257
22,1.81e-05,4.5e-06,0.0009399,0.0249432,0.0046474
22,1.64e-05,4.7e-06,0.000924,0.0257193,0.0066099
22,1.31e-05,3.6e-06,0.0008173,0.0249258,0.0066813
22,1.63e-05,4.3e-06,0.001087,0.0493779,0.0078015
22,1.63e-05,4.5e-06,0.0010554,0.0226895,0.0078162
22,1.6e-05,4.4e-06,0.0008729,0.0245126,0.0079299
22,1.73e-05,4e-06,0.0010243,0.022369,0.0081232
22,1.26e-05,3.5e-06,0.0008326,0.028463,0.0055579
22,1.31e-05,3.7e-06,0.0008569,0.0284503,0.0086347
22,2.18e-05,2.87e-05,0.0013316,0.0267718,0.0084854
22,1.63e-05,4.5e-06,0.0008664,0.0283565,0.0081677
22,1.64e-05,4.5e-06,0.0010464,0.0266861,0.010443
22,1.36e-05,3.2e-06,0.0008116,0.020021,0.0055885
22,1.6e-05,4.5e-06,0.0010907,0.0212284,0.007524
22,1.55e-05,4.5e-06,0.001074,0.0210948,0.0099906
24,2.27e-05,4.9e-06,0.0012824,0.0337432,0.0074362
24,2.07e-05,4.4e-06,0.0012813,0.0337252,0.0041985
24,1.83e-05,4.2e-06,0.0013389,0.0319206,0.0107057
24,1.47e-05,3.4e-06,0.0010339,0.0297348,0.0091264
24,1.86e-05,4.3e-06,0.0011956,0.0287714,0.0063539
24,1.84e-05,4.1e-06,0.0012831,0.0315674,0.0066612
24,1.86e-05,4.3e-06,0.0011011,0.0350087,0.0074346
24,1.59e-05,3.5e-06,0.0010541,0.0305325,0.0069081
24,1.94e-05,4.2e-06,0.0013108,0.0298241,0.0076232
24,1.86e-05,4.2e-06,0.0013516,0.0287081,0.0049501
24,1.9e-05,4.1e-06,0.0014302,0.027673,0.0094994
24,1.56e-05,3.6e-06,0.0011204,0.0294147,0.0094854
24,1.84e-05,4.2e-06,0.0012112,0.0237043,0.0059408
24,1.56e-05,3.5e-06,0.0012001,0.0272928,0.0094536
24,1.91e-05,4.3e-06,0.0012793,0.0338314,0.0075413
24,1.9e-05,4.3e-06,0.0015918,0.0284873,0.0064147
24,1.93e-05,4.4e-06,0.0012644,0.0280333,0.0083257
24,1.48e-05,3.4e-06,0.0012849,0.033386,0.0068007
24,1.52e-05,3.3e-06,0.0010334,0.0311057,0.0097413
24,1.48e-05,3.4e-06,0.0012601,0.030105,0.006456
26,2.03e-05,4.1e-06,0.0013948,0.0647352,0.0077951
26,2.28e-05,5.3e-06,0.0016311,0.0345764,0.0098688
26,2.14e-05,5e-06,0.0015664,0.0364887,0.008582
26,1.78e-05,4.1e-06,0.0013282,0.0365317,0.0100492
26,2.29e-05,3.9e-06,0.0016828,0.0302413,0.0125759
26,1.73e-05,4.1e-06,0.0015552,0.035107,0.0086442
26,2.15e-05,5e-06,0.0015734,0.032821,0.0126065
26,2.15e-05,5.2e-06,0.0014641,0.0345629,0.0105827
26,2.11e-05,4.9e-06,0.0017,0.0352184,0.0070406
26,2.16e-05,5e-06,0.0016797,0.0378952,0.010092
26,1.74e-05,4e-06,0.0013263,0.0389675,0.0110837
26,2.15e-05,5e-06,0.0019243,0.0385385,0.0091242
26,1.71e-05,2.79e-05,0.0017705,0.0393828,0.0064093
26,1.67e-05,3.9e-06,0.0013106,0.0310597,0.0076133
26,2.08e-05,5.2e-06,0.0015325,0.0280599,0.007451
26,2.11e-05,5.1e-06,0.0016992,0.0351124,0.0102583
26,1.7e-05,4.1e-06,0.0012977,0.0399521,0.0077748
26,1.71e-05,4e-06,0.0012884,0.038532,0.0095734
26,2.13e-05,5e-06,0.0016633,0.0331519,0.012351
26,1.71e-05,4.2e-06,0.0013192,0.0343872,0.0060364
28,2.09e-05,4.5e-06,0.0018367,0.0432431,0.0071593
28,1.89e-05,4.5e-06,0.0018406,0.0381657,0.0098831
28,1.91e-05,4.5e-06,0.0017999,0.0318729,0.011322
28,1.88e-05,4.4e-06,0.0021206,0.0415945,0.013901
28,2.4e-05,5.5e-06,0.0021064,0.0400439,0.0401329
28,2.39e-05,6.2e-06,0.0018674,0.044157,0.0100842
28,2.36e-05,5.5e-06,0.0019365,0.0379493,0.0074256
28,2.4e-05,5.5e-06,0.0018025,0.0441122,0.0120112
28,1.94e-05,4.4e-06,0.0016833,0.0366696,0.0171405
28,2.38e-05,5.7e-06,0.001966,0.037097,0.0099061
28,2.39e-05,5.5e-06,0.0016358,0.0363698,0.0112386
28,1.83e-05,4.3e-06,0.00222,0.0374404,0.0077938
28,1.94e-05,4.4e-06,0.0020872,0.0501803,0.0098381
28,1.94e-05,4.4e-06,0.0016759,0.0423974,0.0110678
28,1.86e-05,4.6e-06,0.0016392,0.0473345,0.0093977
28,2.42e-05,5.5e-06,0.0020451,0.0423024,0.0075093
28,1.91e-05,4.9e-06,0.0016426,0.0394578,0.0128421
28,2.39e-05,5.7e-06,0.0020224,0.0361268,0.0058383
28,2.4e-05,5.9e-06,0.0018169,0.04081,0.0093831
28,1.92e-05,4.8e-06,0.001684,0.040128,0.0089067
30,3.67e-05,5.7e-06,0.0022236,0.0478414,0.0091633
30,2.7e-05,5e-06,0.0026447,0.0434429,0.0135225
30,2.63e-05,5e-06,0.002309,0.0445548,0.0085469
30,2.56e-05,5e-06,0.0022824,0.0407145,0.0091987
30,2.15e-05,4e-06,0.0021493,0.0459904,0.0119643
30,2.66e-05,5.1e-06,0.0023027,0.0490482,0.0158088
30,2.12e-05,4.3e-06,0.0024593,0.0469134,0.0167496
30,2.65e-05,4.9e-06,0.0025623,0.0712793,0.0063322
30,2.64e-05,5.2e-06,0.002311,0.0417203,0.0104453
30,2.6e-05,5e-06,0.0024338,0.0507753,0.012411
30,3.96e-05,7.1e-06,0.0022083,0.0478202,0.010957
30,3.6e-05,4.3e-06,0.0019516,0.0516784,0.0086117
30,2.08e-05,4.1e-06,0.0020803,0.0428666,0.011104
30,2.63e-05,5.1e-06,0.0026173,0.0415032,0.0122845
30,2.64e-05,5.3e-06,0.0021952,0.0440807,0.0061063
30,2.57e-05,5.1e-06,0.0024073,0.0487033,0.014967
30,2.63e-05,5.3e-06,0.0023894,0.0451936,0.0164973
30,2.1e-05,4.3e-06,0.0023793,0.0449188,0.0162624
30,2.11e-05,4.2e-06,0.0019884,0.0417518,0.0140934
30,2.6e-05,5.1e-06,0.002191,0.0442474,0.0118899
32,4.12e-05,7.8e-06,0.0024906,0.0561347,0.0098424
32,2.33e-05,4.7e-06,0.0025234,0.0482427,0.0102338
32,2.29e-05,4.7e-06,0.0027371,0.0458083,0.0163659
32,2.26e-05,4.6e-06,0.0029792,0.0549426,0.010897
32,2.9e-05,5.8e-06,0.0028393,0.0539633,0.0138433
32,2.92e-05,6e-06,0.0028916,0.0545241,0.0140413
32,2.88e-05,5.7e-06,0.002657,0.0548531,0.0481609
32,2.42e-05,5.2e-06,0.0026043,0.0542442,0.0147535
32,2.32e-05,4.8e-06,0.0023127,0.0526187,0.0123995
32,2.9e-05,5.8e-06,0.0028735,0.0562273,0.0148574
32,2.91e-05,5.9e-06,0.0030317,0.0553764,0.0163227
32,2.37e-05,4.8e-06,0.0031168,0.0577014,0.0142818
32,2.9e-05,6e-06,0.0028856,0.0509794,0.0168392
32,2.35e-05,4.7e-06,0.002933,0.0500584,0.0113876
32,2.91e-05,5.9e-06,0.0029229,0.0474764,0.0147393
32,2.32e-05,4.7e-06,0.0030953,0.0524081,0.0204293
32,2.9e-05,5.7e-06,0.0025647,0.0496682,0.0149527
32,2.9e-05,5.9e-06,0.0026383,0.0519545,0.0072598
32,2.84e-05,6e-06,0.0029804,0.0461153,0.0135251
32,4.8e-05,7.5e-06,0.0023778,0.0637932,0.0106757
34,4.5e-05,7.2e-06,0.0032127,0.0602525,0.010609
34,2.69e-05,5.5e-06,0.0032422,0.0596953,0.0127478
34,3.21e-05,6.6e-06,0.0033214,0.0475625,0.0134469
34,3.25e-05,6.8e-06,0.0033335,0.0537261,0.016595
34,3.23e-05,6.3e-06,0.0038059,0.0807296,0.0178361
34,3.25e-05,6.9e-06,0.0032212,0.0663336,0.016603
34,4.97e-05,1.02e-05,0.0032185,0.0601251,0.0171037
34,3.28e-05,6.5e-06,0.0040306,0.0530642,0.0106607
34,3.25e-05,6.6e-06,0.0032876,0.060436,0.0146078
34,2.61e-05,5.1e-06,0.0037388,0.0614512,0.0194139
34,2.58e-05,5.3e-06,0.0036494,0.0677835,0.0170835
34,2.6e-05,5.2e-06,0.0028884,0.0623615,0.0134372
34,2.66e-05,5.1e-06,0.003011,0.0647572,0.0170002
34,3.26e-05,6.5e-06,0.0033816,0.0641352,0.0160212
34,3.25e-05,6.3e-06,0.0032076,0.0691128,0.0125071
34,2.59e-05,5.4e-06,0.0033439,0.0571083,0.0109692
34,3.18e-05,6.4e-06,0.0030522,0.0621075,0.0123588
34,2.6e-05,5.3e-06,0.002833,0.0685889,0.018117
34,4.38e-05,8.2e-06,0.0029002,0.0646314,0.0126429
34,3.21e-05,6.5e-06,0.0028427,0.0865459,0.0077059
36,3.25e-05,5.2e-06,0.0042883,0.0687802,0.016478
36,2.97e-05,5.5e-06,0.0038371,0.074417,0.0185631
36,2.87e-05,5.6e-06,0.0042828,0.0707991,0.0170237
36,3.51e-05,6.6e-06,0.0041599,0.0580155,0.018865
36,2.86e-05,5.3e-06,0.0039706,0.0683067,0.0175184
36,3.85e-05,5.8e-06,0.0037261,0.0677322,0.0214318
36,2.84e-05,5.4e-06,0.004344,0.0658043,0.0135965
36,2.86e-05,5.4e-06,0.0034075,0.0660401,0.015728
36,3.57e-05,6.9e-06,0.0042651,0.0810366,0.0105707
36,3.57e-05,6.8e-06,0.0037105,0.0669472,0.0194963
36,3.55e-05,6.8e-06,0.0044142,0.0649219,0.0162954
36,2.8e-05,5.9e-06,0.0040107,0.0663667,0.0166052
36,3.55e-05,6.8e-06,0.0038966,0.0904565,0.0091646
36,3.48e-05,6.7e-06,0.0041794,0.0689186,0.0173138
36,3.57e-05,6.9e-06,0.004084,0.0719867,0.0192099
36,4.01e-05,7e-06,0.0038137,0.0643408,0.0134449
36,3.56e-05,7.1e-06,0.0040912,0.0661091,0.0215237
36,2.84e-05,5.5e-06,0.0039097,0.0651632,0.0149413
36,2.88e-05,5.3e-06,0.0043732,0.0715441,0.0186326
36,3.52e-05,6.6e-06,0.0038229,0.0628075,0.0161113
38,3.43e-05,5.6e-06,0.0041052,0.0800236,0.0232205
38,3.94e-05,6.7e-06,0.0043584,0.0836576,0.0210885
38,3.93e-05,6.4e-06,0.0047566,0.0724747,0.0136906
38,3.15e-05,5.1e-06,0.0042562,0.0789062,0.0231585
38,3.87e-05,6.5e-06,0.005328,0.0735882,0.0191389
38,3.15e-05,5.3e-06,0.0041844,0.114044,0.0229484
38,3.07e-05,5.7e-06,0.0040176,0.0747998,0.0146984
38,3.07e-05,5.2e-06,0.0048233,0.0729411,0.0134962
38,3.83e-05,6.5e-06,0.0042511,0.0794116,0.0228268
38,0.0001147,2.25e-05,0.0046909,0.0691511,0.0218383
38,3.91e-05,7e-06,0.0048436,0.0752422,0.0151504
38,3.05e-05,5.2e-06,0.0045382,0.0685163,0.0217632
38,3.31e-05,5.4e-06,0.0041883,0.0731489,0.0149823
38,3.08e-05,5.3e-06,0.0042422,0.0682665,0.0151544
38,3.11e-05,5.2e-06,0.0047507,0.081656,0.0150292
38,3.07e-05,5.1e-06,0.0045198,0.0816632,0.0225414
38,3.81e-05,6.4e-06,0.0049783,0.0671699,0.0452062
38,3.16e-05,5.3e-06,0.0042134,0.0761173,0.0169978
38,3.12e-05,5.3e-06,0.0049479,0.0810985,0.015696
38,3.07e-05,5.4e-06,0.0040946,0.0736374,0.0212657
40,4.54e-05,6.8e-06,0.0055117,0.0762795,0.0153849
40,4.35e-05,7.6e-06,0.0055844,0.0934468,0.0228643
40,3.41e-05,6.1e-06,0.0057248,0.0844455,0.0213944
40,3.93e-05,1.22e-05,0.0045187,0.084611,0.0191334
40,4.24e-05,7.3e-06,0.0053812,0.098493,0.0205322
40,4.33e-05,7.7e-06,0.0056451,0.084552,0.0236296
40,3.37e-05,7e-06,0.0057235,0.0828238,0.0176066
40,3.4e-05,5.9e-06,0.005663,0.0883701,0.0424139
40,4.24e-05,7.4e-06,0.0054221,0.0913029,0.0200566
40,4.31e-05,7.2e-06,0.0056534,0.0802411,0.0280201
40,3.39e-05,6.1e-06,0.0058725,0.0827816,0.0233904
40,3.44e-05,6.5e-06,0.005401,0.0933903,0.0219803
40,3.9e-05,1.27e-05,0.0055822,0.0791611,0.0196856
40,3.45e-05,1.21e-05,0.0050067,0.0924831,0.0235477
40,4.25e-05,7.4e-06,0.0054636,0.0751382,0.0190746
40,3.41e-05,6e-06,0.005526,0.0890841,0.0246818
40,3.43e-05,6e-06,0.0055097,0.0715541,0.0347519
40,3.7e-05,6e-06,0.0055866,0.0828354,0.0239123
40,3.44e-05,5.8e-06,0.0057315,0.088332,0.016165
40,3.4e-05,5.7e-06,0.0046128,0.116209,0.0195161
45,5.52e-05,7.8e-06,0.0079624,0.11081,0.0356262
45,4.22e-05,6.8e-06,0.0067513,0.118098,0.0182735
45,5.22e-05,8e-06,0.0066601,0.125,0.0243451
45,5.2e-05,8.1e-06,0.0081401,0.0998576,0.0230047
45,4.1e-05,6.5e-06,0.0068783,0.115595,0.0255439
45,5.39e-05,7.9e-06,0.0078934,0.108131,0.0299716
45,5.13e-05,7.7e-06,0.0080872,0.104024,0.022678
45,4.12e-05,6.3e-06,0.0070242,0.136882,0.0306279
45,4.17e-05,6.4e-06,0.0072564,0.114143,0.0347357
45,5.24e-05,7.7e-06,0.0072975,0.112197,0.0252557
45,4.18e-05,7.1e-06,0.0066052,0.122127,0.0307722
45,5.21e-05,7.8e-06,0.0076787,0.113298,0.0298016
45,4.13e-05,6.7e-06,0.007227,0.116149,0.0378217
45,4.13e-05,6.7e-06,0.0077225,0.115221,0.0352675
45,5.21e-05,8.1e-06,0.0069266,0.103968,0.028181
45,4.24e-05,6.5e-06,0.0068384,0.139868,0.0304848
45,4.18e-05,7e-06,0.0075553,0.112914,0.0287715
45,5.21e-05,8.3e-06,0.0070817,0.11644,0.0391556
45,4.2e-05,1.64e-05,0.007522,0.115957,0.0294142
45,4.23e-05,6.1e-06,0.0072284,0.111673,0.0247554
50,5.38e-05,7e-06,0.0095129,0.152611,0.0239195
50,6.42e-05,8.5e-06,0.0101918,0.165945,0.0399975
50,6.32e-05,8.4e-06,0.0100496,0.152314,0.0275502
50,5.4e-05,1.14e-05,0.0099035,0.193727,0.0458579
50,6.29e-05,1.77e-05,0.0098436,0.142994,0.035541
50,5e-05,7e-06,0.0094958,0.146618,0.03374
50,5.03e-05,7.1e-06,0.0092801,0.136924,0.0385424
50,5.01e-05,1.44e-05,0.0101554,0.152545,0.0264184
50,4.98e-05,6.9e-06,0.0087359,0.14925,0.0436248
50,7.17e-05,9.7e-06,0.0103942,0.184585,0.0527233
50,5.06e-05,6.8e-06,0.0093575,0.159955,0.034937
50,4.97e-05,6.7e-06,0.0101461,0.158057,0.0361012
50,6.32e-05,8.3e-06,0.0100105,0.145676,0.0309517
50,6.25e-05,8.3e-06,0.0094282,0.15049,0.0345544
50,5.02e-05,6.8e-06,0.0099538,0.141629,0.0294588
50,6.94e-05,1.19e-05,0.0106738,0.176955,0.0392383
50,5.18e-05,6.5e-06,0.0097528,0.153378,0.0284234
50,0.0001213,1.17e-05,0.0096828,0.166457,0.0343115
50,6.3e-05,8.9e-06,0.0097491,0.14047,0.0441819
50,6.18e-05,8.4e-06,0.0102278,0.160371,0.0436208
55,6.32e-05,7.8e-06,0.0131017,0.222552,0.0679306
55,6.09e-05,7.9e-06,0.013621,0.1944,0.0327561
55,8.04e-05,1.75e-05,0.0141309,0.20168,0.035515
55,6.46e-05,1.46e-05,0.014203,0.197123,0.0532223
55,7.99e-05,1.79e-05,0.0138343,0.209948,0.0451365
55,7.91e-05,2.12e-05,0.0134865,0.202495,0.0395167
55,7.49e-05,2.24e-05,0.013881,0.176351,0.0441586
55,6.25e-05,7.9e-06,0.0140062,0.206061,0.0417273
55,8.01e-05,1.85e-05,0.0133847,0.213875,0.0400272
55,5.97e-05,7.6e-06,0.0126692,0.187141,0.0367988
55,0.0001163,1.93e-05,0.0135036,0.241423,0.0704776
55,5.96e-05,7.6e-06,0.0129558,0.17434,0.0421613
55,5.97e-05,7.6e-06,0.0131551,0.187187,0.044669
55,7.4e-05,9.2e-06,0.0136141,0.204075,0.0464234
55,5.98e-05,7.5e-06,0.0132749,0.210852,0.038803
55,5.98e-05,1.78e-05,0.0130261,0.217586,0.0405871
55,6.44e-05,1.44e-05,0.0140613,0.212522,0.052865
55,7.46e-05,9.5e-06,0.0139281,0.196268,0.0388814
55,7.62e-05,2.16e-05,0.0134526,0.184825,0.0427649
55,6e-05,7.5e-06,0.0140836,0.188736,0.0437927
60,7.88e-05,1.81e-05,0.0192277,0.284911,0.0519286
60,9.31e-05,1.76e-05,0.0182755,0.253268,0.047438
60,9.19e-05,1.87e-05,0.0183793,0.236373,0.0460965
60,7e-05,1.42e-05,0.0193054,0.27421,0.0474695
60,7.01e-05,1.58e-05,0.0191608,0.253473,0.0630027
60,7.02e-05,1.63e-05,0.0171803,0.267215,0.0658409
60,7.02e-05,1.54e-05,0.0173487,0.258281,0.0479456
60,8.8e-05,1.71e-05,0.0164187,0.279919,0.0613027
60,7.2e-05,1.56e-05,0.016615,0.262206,0.0482534
60,7.35e-05,4.57e-05,0.0176685,0.252585,0.0500004
60,9.7e-05,2.32e-05,0.0165046,0.257377,0.0694883
60,7e-05,1.78e-05,0.0156117,0.287777,0.0550104
60,8.82e-05,2.12e-05,0.0173606,0.2524,0.0602959
60,0.0001094,2.06e-05,0.0179816,0.262332,0.0501955
60,7.05e-05,1.09e-05,0.0163803,0.271997,0.0535255
60,6.98e-05,1.12e-05,0.0161879,0.275823,0.0518738
60,8.82e-05,1.51e-05,0.0175675,0.252906,0.0460062
60,7.37e-05,1.32e-05,0.0183187,0.275026,0.0566425
60,7.9e-05,1.82e-05,0.0173045,0.246329,0.0942939
60,7.14e-05,1.6e-05,0.0181017,0.252889,0.0571872
65,0.0001096,6.39e-05,0.022931,0.304477,0.0659412
65,0.0001088,2.35e-05,0.0232631,0.339971,0.0846845
65,0.0001127,1.82e-05,0.0221679,0.340745,0.0737599
65,8.64e-05,1.78e-05,0.024111,0.333803,0.0684641
65,0.0001155,1.7e-05,0.0208203,0.30993,0.100158
65,9.43e-05,1.98e-05,0.0219134,0.332203,0.066968
65,9.57e-05,2.02e-05,0.0235865,0.330357,0.0619685
65,0.0001169,2.33e-05,0.0232347,0.354475,0.0752266
65,8.93e-05,1.93e-05,0.024055,0.302808,0.0738618
65,8.8e-05,2.06e-05,0.0230157,0.352494,0.0843082
65,8.63e-05,1.78e-05,0.022889,0.339963,0.0568521
65,0.0001088,2.35e-05,0.023373,0.331593,0.0696502
65,8.76e-05,2.03e-05,0.0246619,0.310039,0.101047
65,0.0001187,1.79e-05,0.0232155,0.375301,0.0755248
65,9.36e-05,1.92e-05,0.0228101,0.312886,0.0710378
65,9.01e-05,2.01e-05,0.0213606,0.322085,0.0651521
65,8.7e-05,2.01e-05,0.0218823,0.350061,0.065801
65,0.0001098,2.28e-05,0.021996,0.309202,0.0663346
65,0.0001094,2.35e-05,0.0201073,0.342188,0.0718162
65,8.75e-05,1.94e-05,0.0220874,0.374595,0.0728483
70,0.0001377,1.78e-05,0.0319863,0.40041,0.095163
70,0.0001233,1.71e-05,0.0276146,0.376406,0.0863014
70,9.45e-05,2.27e-05,0.0290675,0.42944,0.093698
70,0.0001483,2.85e-05,0.0278028,0.394367,0.0704271
70,0.0001234,3.15e-05,0.0269902,0.470283,0.0927631
70,9.84e-05,1.79e-05,0.0307117,0.373175,0.0962454
70,9.92e-05,2.4e-05,0.0276189,0.487182,0.0727554
70,9.94e-05,1.82e-05,0.0278092,0.415429,0.0797271
70,0.0001,2.14e-05,0.0287834,0.39402,0.0861171
70,0.0001018,2.53e-05,0.0304382,0.383393,0.0861376
70,0.0001238,3.02e-05,0.0289043,0.380956,0.0933936
70,9.84e-05,2.28e-05,0.0281019,0.419346,0.0615147
70,9.85e-05,2.24e-05,0.0292225,0.393891,0.083452
70,9.84e-05,2e-05,0.0288323,0.417715,0.0797568
70,0.0001243,1.99e-05,0.0291568,0.434585,0.100397
70,9.98e-05,2.48e-05,0.0281136,0.397769,0.0887463
70,0.0001218,2.61e-05,0.0286598,0.44468,0.0915599
70,0.0001237,2.96e-05,0.0285763,0.374235,0.0851785
70,9.8e-05,2.48e-05,0.027063,0.420555,0.0768713
70,9.95e-05,2.48e-05,0.0264269,0.402949,0.0728644
75,0.0001199,2.78e-05,0.0367812,0.567374,0.106302
75,0.0001472,3.09e-05,0.0323474,0.502062,0.0841099
75,0.0001397,2.83e-05,0.0333006,0.521208,0.10033
75,0.0001806,3.41e-05,0.0367223,0.462499,0.0884441
75,0.0001123,2.57e-05,0.0329145,0.541183,0.106525
75,0.0001115,2.43e-05,0.0300504,0.481591,0.0975296
75,0.0001361,3.27e-05,0.0340363,0.462576,0.0974272
75,0.0001167,2.63e-05,0.0322548,0.49804,0.103718
75,0.0001396,3.11e-05,0.0331256,0.536784,0.113147
75,0.0001417,2.93e-05,0.0319998,0.478673,0.0831481
75,0.0001129,2.36e-05,0.0330887,0.568263,0.137533
75,0.0001413,3.37e-05,0.0383191,0.476872,0.114447
75,0.0001127,2.56e-05,0.0584574,0.484302,0.103855
75,0.0001573,4.87e-05,0.0327389,0.488382,0.0984711
75,0.0001134,2.13e-05,0.0327218,0.491166,0.113948
75,0.0001175,2.55e-05,0.0358615,0.537501,0.112242
75,0.0001372,2.91e-05,0.0378056,0.465872,0.117473
75,0.0001258,2.35e-05,0.0358551,0.497164,0.127985
75,0.0001435,2.86e-05,0.0340952,0.493151,0.129205
75,0.0001432,2.77e-05,0.0334491,0.482364,0.141667
80,0.000141,2.55e-05,0.0379634,0.595714,0.161672
80,0.0001775,0.0001877,0.0395246,0.65991,0.145087
80,0.0001576,3.05e-05,0.0393641,0.642664,0.131951
80,0.0001674,5.18e-05,0.0393542,0.649071,0.179086
80,0.0001251,2.76e-05,0.0428202,0.621568,0.131472
80,0.0001463,4.32e-05,0.0431027,0.650543,0.126678
80,0.0001576,3.15e-05,0.0426241,0.659568,0.151868
80,0.0001891,3.68e-05,0.039968,0.631297,0.12931
80,0.0001688,3.15e-05,0.0398839,0.648725,0.116008
80,0.0001595,2.34e-05,0.0383344,0.532243,0.136086
80,0.0001316,2.48e-05,0.0447405,0.638661,0.13308
80,0.0001679,3.03e-05,0.0404653,0.641679,0.11902
80,0.0001357,2.8e-05,0.0402662,0.612865,0.11189
80,0.0001292,2.31e-05,0.0405868,0.624207,0.115478
80,0.0001288,2.34e-05,0.0388621,0.659157,0.174908
80,0.0001262,3.16e-05,0.0410303,0.575038,0.119916
80,0.0001256,2.75e-05,0.0409431,0.654443,0.147178
80,0.0001244,2.83e-05,0.0378068,0.61784,0.144512
80,0.0001308,2.33e-05,0.0452624,0.631684,0.125245
80,0.0001643,3e-05,0.0417762,0.586041,0.129813
85,0.0001603,2.69e-05,0.0486032,0.680124,0.158404
85,0.0001522,3.36e-05,0.0504348,0.774913,0.17177
85,0.0001499,3.26e-05,0.0502416,0.775381,0.152935
85,0.0001471,3.31e-05,0.0537731,0.78991,0.153512
85,0.0001688,3.39e-05,0.0471022,0.765725,0.18956
85,0.0001813,3.27e-05,0.0492653,0.68115,0.126885
85,0.0001485,3.62e-05,0.047701,0.709824,0.12174
85,0.0001445,2.87e-05,0.0477677,0.747445,0.161433
85,0.0001445,2.94e-05,0.0480169,0.71098,0.143989
85,0.0001792,3.52e-05,0.0529639,0.760279,0.153012
85,0.0001441,2.87e-05,0.047485,0.76828,0.150514
85,0.0001618,4.1e-05,0.0473904,0.782491,0.164539
85,0.0001793,3.44e-05,0.0487066,0.756913,0.155672
85,0.0001741,3.03e-05,0.0548019,0.713514,0.151166
85,0.0001739,3.44e-05,0.0503231,0.808469,0.148507
85,0.000144,2.59e-05,0.0473333,0.682314,0.129631
85,0.0001461,2.96e-05,0.047982,0.716895,0.17017
85,0.0001811,3.69e-05,0.0495534,0.740866,0.146665
85,0.0001761,3.7e-05,0.0482259,0.708338,0.161561
85,0.0001493,3.58e-05,0.0483518,0.713665,0.173504
90,0.0001974,4.56e-05,0.0542021,0.89168,0.164543
90,0.0001657,4.59e-05,0.0639112,0.924654,0.21471
90,0.0001971,3.65e-05,0.0641952,0.92136,0.179315
90,0.0001588,3.08e-05,0.0581978,0.953647,0.170547
90,0.0001998,4.04e-05,0.0607115,0.935139,0.16234
90,0.0001606,3.47e-05,0.0571343,0.944202,0.161935
90,0.0001611,2.77e-05,0.0632807,0.896513,0.177151
90,0.0002009,3.47e-05,0.0569109,0.90215,0.224963
90,0.000197,3.48e-05,0.0547103,0.928434,0.197253
90,0.000161,3.29e-05,0.0589263,0.971357,0.226299
90,0.0001714,3.44e-05,0.0581272,1.00649,0.185334
90,0.0001938,3.64e-05,0.0572747,0.841784,0.175383
90,0.0001617,3.31e-05,0.0583197,0.873793,0.217499
90,0.0001626,3.26e-05,0.0606194,0.886696,0.168062
90,0.0003607,3.86e-05,0.0627588,0.923309,0.208577
90,0.0001598,2.89e-05,0.05942,0.882357,0.187832
90,0.0001604,3.34e-05,0.0553058,0.859088,0.201499
90,0.0001942,3.94e-05,0.0570633,0.868317,0.197727
90,0.0001621,4.82e-05,0.0563143,0.973737,0.181109
90,0.0002015,3.76e-05,0.0604975,0.866901,0.168465
95,0.0001801,4.01e-05,0.0668313,1.1386,0.206903
95,0.0001798,3.18e-05,0.0655752,1.01212,0.275559
95,0.0001861,4.81e-05,0.0734727,1.03513,0.211965
95,0.0001824,3.55e-05,0.066201,1.08018,0.203667
95,0.0002191,4.1e-05,0.0647133,1.13953,0.214333
95,0.0002202,4e-05,0.0651915,1.09587,0.245718
95,0.0001904,3.47e-05,0.0640172,1.0286,0.297738
95,0.0001759,2.29e-05,0.064288,1.08936,0.234075
95,0.0001836,3.4e-05,0.0717692,1.12765,0.220412
95,0.0001774,3.66e-05,0.0639844,0.992808,0.179637
95,0.0002134,4.66e-05,0.064178,1.15354,0.170376
95,0.0001919,6.64e-05,0.0610955,1.02762,0.219022
95,0.000223,3.76e-05,0.0617609,1.13036,0.24314
95,0.0003926,5.48e-05,0.0667153,1.04547,0.240218
95,0.0001808,2.51e-05,0.0656392,1.10216,0.273181
95,0.0002136,3.49e-05,0.0667712,1.08045,0.224589
95,0.0001837,3.11e-05,0.0661814,1.01214,0.215675
95,0.0002316,3.13e-05,0.0661311,1.16556,0.187744
95,0.0002147,2.99e-05,0.0653897,0.978187,0.207706
95,0.0002161,3.31e-05,0.0668923,1.15522,0.222021
100,0.0001955,2.8e-05,0.0772028,1.32979,0.334033
100,0.0002523,4.12e-05,0.0759525,1.35353,0.26526
100,0.0002034,4.47e-05,0.0770679,1.27219,0.30982
100,0.0002375,2.83e-05,0.0775041,1.39884,0.266079
100,0.0002013,3.53e-05,0.0774917,1.27032,0.259688
100,0.0002127,3.55e-05,0.0769483,1.25649,0.292855
100,0.0002505,4.88e-05,0.0731772,1.34422,0.275769
100,0.0002446,4.92e-05,0.0753845,1.346,0.233616
100,0.0002412,3.71e-05,0.0778529,1.31792,0.283713
100,0.0002658,8.06e-05,0.0843197,1.26031,0.236137
100,0.0002299,5.21e-05,0.0758791,1.22274,0.215772
100,0.0002684,5.92e-05,0.0781165,1.20891,0.231483
100,0.0001846,4.15e-05,0.0764215,1.18325,0.250223
100,0.0002375,4.55e-05,0.0788477,1.25361,0.199563
100,0.0002022,4.07e-05,0.0749267,1.25535,0.312995
100,0.0002302,4.7e-05,0.0838478,1.31441,0.257895
100,0.000184,4.34e-05,0.0781152,1.32831,0.268647
100,0.0002314,6.72e-05,0.0775498,1.14408,0.254893
100,0.0001974,3.83e-05,0.0760662,1.31001,0.249129
100,0.0002429,5.54e-05,0.0778824,1.22737,0.235652
